{
    "directory":
    [
        
    ],
    "sql_file": "",
    "files": [
       
      
        {
            "root_directory" : "update/update_2.11/application/models/Crud_model.php",
            "update_directory" : "application/models/Crud_model.php"   
        },
        {
            "root_directory" : "update/update_2.11/application/models/User_model.php",
            "update_directory" : "application/models/User_model.php"
        },
        {
            "root_directory" : "update/update_2.11/application/views/backend/admin/frontend_settings.php",
            "update_directory" : "application/views/backend/admin/frontend_settings.php"
        },
        {
            "root_directory" : "update/update_2.11/application/views/backend/admin/system_settings.php",
            "update_directory" : "application/views/backend/admin/system_settings.php"
        },
        {
            "root_directory" : "update/update_2.11/application/views/backend/user/manage_profile.php",
            "update_directory" : "application/views/backend/user/manage_profile.php" 
        },
        {
            "root_directory" : "update/update_2.11/application/views/frontend/about.php",
            "update_directory" : "application/views/frontend/about.php"
        },
        {
            "root_directory" : "update/update_2.11/application/views/frontend/cookie_policy.php",
            "update_directory" : "application/views/frontend/cookie_policy.php"
        },
        {
            "root_directory" : "update/update_2.11/application/views/frontend/faq.php",
            "update_directory" : "application/views/frontend/faq.php"
        },
        {
            "root_directory" : "update/update_2.11/application/views/frontend/index.php",
            "update_directory" : "application/views/frontend/index.php"
        },
        {
            "root_directory" : "update/update_2.11/application/views/frontend/privacy_policy.php",
            "update_directory" : "application/views/frontend/privacy_policy.php"
        },
        {
            "root_directory" : "update/update_2.11/application/views/frontend/site_meta.php",
            "update_directory" : "application/views/frontend/site_meta.php"
        },
        {
            "root_directory" : "update/update_2.11/application/views/frontend/terms_and_conditions.php",
            "update_directory" : "application/views/frontend/terms_and_conditions.php"
        },
        {
            "root_directory" : "update/update_2.11/application/views/frontend/admin_meta_pixel.php",
            "update_directory" : "application/views/frontend/admin_meta_pixel.php"
        },
        {
            "root_directory" : "update/update_2.11/application/views/frontend/user_meta_pixel.php",
            "update_directory" : "application/views/frontend/user_meta_pixel.php" 
        }
    ]
  }
